filename	source_photo_name	content_type	bytes
paw-spa-google-01.jpg	places/ChIJLStJxmEEK4cR39iE4WIEtfo/photos/AWCwydhcqJ_sgUOWQ2_RrYDHHJE_QIhUk4lHPLlKT3ptW1WdElOef4yGL7zjRQCorYtPYWbN1KNXWvlgiIq3XLZTw3WdUfjDfzUgPJhsFyVZe9i0hPEr8aTpa3aXZmizmJb8a78p2o7xRw4vtWpc522nmArg60eQRTeByS5hQ8n480Mnv53FxJ6D1shzRPp1mwsobSU05ojnbTR9kJOd27tSRVGdg60Zx2fav5CaviLQ7tk1sN8_UAjSdtEyU0Mx3hmYdo3onEJdS70Zlxt0lLU0ww9ZDBeQf5q6J6Zns5IJEIz0rqKRJnxTLHV2PD9moWRxNMLZfNdk_Q3axZjXgd-wLeD5sNnb9iJhttbIm_bC9thEckJRcZNLgc3OmBJeOKbOXQX6jEVcKfpgkLDzYmtNOfrNQLfvDpX7mi6F_AM_psw	image/jpeg	288834
paw-spa-google-02.jpg	places/ChIJLStJxmEEK4cR39iE4WIEtfo/photos/AWCwydg1tOWBBKrei-Z2NtiY3uFnTJcT_HFdpwiRczwUiUvlm3irojzP-3RFKe6MR8ZWz1kJrKrwnX2h3VvQrCnJDTpK1I6bXLQmHoPX2v0CFGRX8lI1hw6rtEUJwyPkbmLSoXW6BpjkM6V-TbZr5fdlil8PF2XLndrFD-0XV5r42PN6zLXk9CxV_wn10xXfAOONLElrSJNsYXedL94QJrYqmN4efTWQIFdclW-PU6ZH5Sxv1h6tAyU9xQmeSeI911M-Nk2AsQiyuoWS16Q-UQ_j38zv1uNNlLUUbaUxUDg-fGMGxwfAB9O6-Bq3xScR88cGL2Ui89OZz7OtSGQUtqzBmZAFmpPZElUMFvYRWjNqsE0AisLoWz5Zvzza1EGxMSh5RVa2vvpQAnXnYBf47D0jISi5_kiQ8RhEd6s1Yl5Bw2RC1XoQuA4r2rynsT9L1B-u	image/jpeg	506573
paw-spa-google-03.jpg	places/ChIJLStJxmEEK4cR39iE4WIEtfo/photos/AWCwydipsGlg_pdDXZ--sKSWbgFDct4zQpd_SG8ULy07fikmSvD-00CW-H7Hlf5Pw70KHI-PLjPGdg5fNBfzKznGHgM1W0r0E3Zur5Sy_Xjc_dbb-qxZfTL_Sc_9rVkG0_SIBmkei1ISpLwp_TDVGR-EBNLrh1rkGDF9mKFHAYl4ndEe8p4dDmBo1GQm2k9phOAPf0vUjYJHRJd5rdKVvRz8yNJ_Sc2cbbna06IvmD2AA7gqz9MS8DoPJkkdj4Ed_JlzDgej_-ye7o6QUlB50q8vIJDylPIMRMSkJs6xrZYk7KtpOQhh7oZamB4s0h2wk-dvzfF2mhOVnhejL0nmJSQ6tmgyxek__vZDrN8yASzDPlRFmjy2CrcBiywVFC25wVZiawu_Ia6XKdNgZbFyZuPiLGuT-qN6WY6Nw5tLuBh34kWV2EPN4jEww44Uc0CwlQ	image/jpeg	85242
paw-spa-google-04.jpg	places/ChIJLStJxmEEK4cR39iE4WIEtfo/photos/AWCwydiqyPfVFBIPKgkBPZH2rZmszrjvqtW1YaxgG1awMZv_DNSTDvdWcp0naslTPsiF2zvdb9ZR0phIxd2PUCnXP9hhun6B2fmNKixrfy72Zq8Jp7U5iYUsMQdlEFVPfEFZGlBMlr8GuErgs-IZjJDpDL9Zg8msWQJwJARHr62-5jParmEisuZQKM8UhVMZsywL1xgrWflxITDcAutP_KILFSSk-7rcvJgyZrYPVwFAQC3b7CSjTfqV5gZxOMbeL1F3M-IpDDMl5B0hQnuSiLwV0A9PgLpZc3414mmUX3NMrli8Za4KBzGRqVDuhq2wAp6tpZwnRgXSSTGu1g_RvAdj8woSj5EZuUI6qRUnasuvnmhP4oDfFjSSE2gGI3OU-VQqMzZz-jxf7AQMGL0cOo6I80niC7rtchL97tebduuXFdycuA	image/jpeg	162184
paw-spa-google-05.jpg	places/ChIJLStJxmEEK4cR39iE4WIEtfo/photos/AWCwydiHUMzhs83F7xqv-pRck8_l3A2_tWnjLYwlUJulCiqNhmeG83vYmUZShzLUVfp6_4STmgnLBp1xHYsse-GjcpLAaRR5b1oSNbIK5_yaD-uPWbhw2LFdAs_3mZhg7E3c5eWoNqRllyfKgCx5qygsoVg8jOO_y8mlXLcIqoCmjD4C15GQjTeqvSq5NS0y8wnLPmbq56Xkn7mnpcW9JeVAvuup21gpwpisq4IJnhxDHrKU50Tn3pIzvAOIEI61scJ9xzuxwY2UtuRFevoz5qYHO3P_ZTq-cRWETSoIZId7YP3uOqHmlHYg4shbmObc7OpIjyTt6T82SYBK6-e5Hc47nEJaaKq4XUWXsE3cOiXPPfGnng8g28UHUS_dmIQOzQeygnbZNDDKtuSmZfyTgI3IhEh7bX6LlS7hiqnRp9iWBpMLmCQ	image/jpeg	122125
paw-spa-google-06.jpg	places/ChIJLStJxmEEK4cR39iE4WIEtfo/photos/AWCwydgq-IKrWFCYOPKMXbJWsNlhsrw4BdCQ2XNAHRgEoamYE9w73VnFL0gEoz_v1MwskIjI6H-lyEtwqLT60T9tDaMTon47YB1QjLxsaehN7ch0OaAXeluAhKUGdcXXfz4j10Qjnx_-eUP98iQg95MKEUSINt31uPXC5CJ9im1ZEQM7I3b0gWcTVYYoJ_a6eeYi-6PfT_lKqCBGfm5txsH_Z1NWuUb4a8ktfsHIxy0KNwwPDwKe2AzjJDlW9cBMsKmgvls4UeBz1E2L2HryXRohwNMu6Uv9KuwVfVdXYdkgrpNWfMY1PJeZB7WcCv31f_vjP2PiyskFVO49kwcu62UVTJQ7_vdFoCHVImhNEyeBZfX7WfHSbx_jYnHyytAi60pXvWRrn8xltQNfR7gPKGVpWaHfMc5ceaI9i_5SwKVFt1felA	image/jpeg	95284
paw-spa-google-07.jpg	places/ChIJLStJxmEEK4cR39iE4WIEtfo/photos/AWCwydj8IwUcNNcUdl7jFPjI3QqgCxKh4Nlcmap8BeHDW5rmX_Ke_JTwTSLcWYU4kmUbZ2GmfpRcD3NpWXqsTErXmTsRrPaoSMhSCPv7eAdwXXhRdMmKwaEZzn5LfWYkWuwtei1J543jRb_zId_8XJRf7nrNHWHtt-2Y09Ar6JFmbhDSOpKYWtzEEbb-dghahAxAcnYk8ZyqfKSfb5Alvq3bFVJG_Lzau1ZmdpsHqLR_L3En-3MgrbCBzDHT91PAmaESs0K62QsO7Tsuwoj21cgUaeupp3dyUpUFxCmh0jmuIV0rqr3kxTdXcV6dn3e3tDvvisBjBDC6lVYXeWJdvSfsXTFZy0V5ceTY7ja1myt1PG_9rraZaTEPNqFt-46Z2fsFiF5J-pMwVYl94wHmS9ovX78dt1Qgdx_relT61xFzyY93XoGS	image/jpeg	130280
paw-spa-google-08.jpg	places/ChIJLStJxmEEK4cR39iE4WIEtfo/photos/AWCwydjCDmD7Po4z7PQOwlyUCOro583Gv-08DyL_xvMCQFfMjwwYZx1w98F0l8hyZH-L862-q4aJKfK0qIsKB4dZVwtORi96P0Ib7nbF2UvtX30B8M1PKoB-6w5MrrTLoAD77z1--zdcQk9elXLf2gf8i5G-NXqGd6zklyX1iyN-sCzUcY0VQLCNiz7MLG_2WIrPv8GNTGq8U5N8eCUv9Nqr0xkTMEHcuI-BrEioO0fsB0G9TgmAJ8izupeGaaRWo39Ja0kn8mB8K9J9KKfIfy3LdsXS3dZAFdGnT7BIIsvCBkvyUtmMrjIB7r1NsQulekmEfd2uoKXIWWD5gwlugD3rpXlOe5kyJ2LnYTdKENzccfmdR5LQkuM4FSZBZeEfRtGUgQsiT3rY7LIai6iseWEDLoc6nh7sjfFS3x8MUSfYbOC3n3zXVTZmkUnCF8k1GeVH	image/jpeg	112547
paw-spa-google-09.jpg	places/ChIJLStJxmEEK4cR39iE4WIEtfo/photos/AWCwydhjdjelgBWq3nqN6u2tW7Wx6uT92UUtEsX1-5w9G25g2HNX30pJydaH6fOhaRdYjkfYAANci4Fxn-uX8a1c9Y95Kkb4KmE0rAv0nOQDV8WgaKhk549rZn4_3Yjj1dIxlTu4C2zf3uHUGey-Gv2IvjNsSQ2H_p3sNiGD-_lfPXUU9tB6fLzpDFciZwXMiv9GTQTZFgK4N_IfOp7XhY43oKpsgjkLVfLkV9r3k2p9EerEPkuEspsHFyxGpaCVxVseRsHYgL7GvUzggghBNT7-Jw8NzH-3mebulT196yamSS-VMoyE-qfygbGj8dPxKQoDHkS3Ibo_UgnJosh_0H20jMPddADXXhIejNmL2h90JoGIu-k7d6MHtxXbPXPYDkwAGwMehTIr8W4bREvokhrEQ2zCb782PE8x4PHslJ75oDkhcQ	image/jpeg	168399
paw-spa-google-10.jpg	places/ChIJLStJxmEEK4cR39iE4WIEtfo/photos/AWCwydhNzYR3VkADoQ2o6rVHbsPl2COTJMskLbJ3Qr_ZkcylmFdrd0luWFpbb0dPVdzR6j3PjgU1465EwbuxH61a7gvXsqhn9lxAt4OqMDsegVCR2KD1Cmrs77rSdy1YVhEVnuhf8IiaMD6ax5D2asDiP4ACEPUQtbzABl9N8s5nazK2YmtNFUVgJWlWO1wMbLsPBMmCeW8ZK3-jEIPtQXqt4HjzIV9nNwoRbdDwGyYuyJG5rIXl8sJL2kGMSJwrwl87UVu7wY_4LMk8w1-X7dd8Drg2RW7-LrrKQMp9-3A9qe7hTMp5pID41GRBYLvaDiSu24SvvGgDOlqZxvW8Rk5CWFoMJGu7GP3nmKnxwmIWR4iJWI21P4WYcyBC1y_GOfPvi5JHTS2WIEusTj3oZJS8qBxLNDNOBTwQpQHjN6pP9KPKrg	image/jpeg	127895
